[
    {
        "model": "main.question",
        "pk": 1,
        "fields": {
            "number": 1,
            "content": "Q. 집에 텃밭이 있나요?"
        }
    },
    {
        "model": "main.question",
        "pk": 2,
        "fields": {
            "number": 2,
            "content": "Q. 채소의 크기를 골라주세요!"
        }
    },
    {
        "model": "main.question",
        "pk": 3,
        "fields": {
            "number": 3,
            "content": "Q. 과정이 중요한가요? 결과가 중요한가요?"
        }
    },
    {
        "model": "main.question",
        "pk": 4,
        "fields": {
            "number": 4,
            "content": "Q. 도전을 좋아하시나요?"
        }
    },
    {
        "model": "main.question",
        "pk": 5,
        "fields": {
            "number": 5,
            "content": "Q. 지금까지 기른 채소의 수를 알려주세요!"
        }
    },
    {
        "model": "main.question",
        "pk": 6,
        "fields": {
            "number": 6,
            "content": "Q. 원하는 작물의 난이도를 알려주세요!"
        }
    },
    {
        "model": "main.question",
        "pk": 7,
        "fields": {
            "number": 7,
            "content": "Q. 매번 새로운 것을 추구하나요?"
        }
    },
    {
        "model": "main.question",
        "pk": 8,
        "fields": {
            "number": 8,
            "content": "Q. 요리를 좋아하나요?"
        }
    },
    {
        "model": "main.question",
        "pk": 9,
        "fields": {
            "number": 9,
            "content": "Q. 화려한 것이 좋나요?"
        }
    },
    {
        "model": "main.choice",
        "pk": 1,
        "fields": {
            "vegetable": 6,
            "question": 1,
            "content": "텃밭이 있어요."
        }
    },
    {
        "model": "main.choice",
        "pk": 2,
        "fields": {
            "vegetable": 8,
            "question": 1,
            "content": "텃밭이 없어요."
        }
    },
    {
        "model": "main.choice",
        "pk": 3,
        "fields": {
            "vegetable": 7,
            "question": 2,
            "content": "큰 것도 좋아요!"
        }
    },
    {
        "model": "main.choice",
        "pk": 4,
        "fields": {
            "vegetable": 3,
            "question": 2,
            "content": "작은 게 좋아요!"
        }
    },
    {
        "model": "main.choice",
        "pk": 5,
        "fields": {
            "vegetable": 5,
            "question": 3,
            "content": "과정이 중요해요."
        }
    },
    {
        "model": "main.choice",
        "pk": 6,
        "fields": {
            "vegetable": 3,
            "question": 3,
            "content": "결과가 더 중요해요."
        }
    },
    {
        "model": "main.choice",
        "pk": 7,
        "fields": {
            "vegetable": 4,
            "question": 4,
            "content": "너무 좋아요!"
        }
    },
    {
        "model": "main.choice",
        "pk": 8,
        "fields": {
            "vegetable": 5,
            "question": 4,
            "content": "해보고 싶어요."
        }
    },
    {
        "model": "main.choice",
        "pk": 9,
        "fields": {
            "vegetable": 2,
            "question": 4,
            "content": "딱 질색이에요."
        }
    },
    {
        "model": "main.choice",
        "pk": 10,
        "fields": {
            "vegetable": 7,
            "question": 5,
            "content": "없어요."
        }
    },
    {
        "model": "main.choice",
        "pk": 11,
        "fields": {
            "vegetable": 1,
            "question": 5,
            "content": "1개 이상이에요!"
        }
    },
    {
        "model": "main.choice",
        "pk": 12,
        "fields": {
            "vegetable": 4,
            "question": 5,
            "content": "5개 이상이에요!!"
        }
    },
    {
        "model": "main.choice",
        "pk": 13,
        "fields": {
            "vegetable": 8,
            "question": 6,
            "content": "상"
        }
    },
    {
        "model": "main.choice",
        "pk": 14,
        "fields": {
            "vegetable": 6,
            "question": 6,
            "content": "중"
        }
    },
    {
        "model": "main.choice",
        "pk": 15,
        "fields": {
            "vegetable": 3,
            "question": 6,
            "content": "하"
        }
    },
    {
        "model": "main.choice",
        "pk": 16,
        "fields": {
            "vegetable": 4,
            "question": 7,
            "content": "네"
        }
    },
    {
        "model": "main.choice",
        "pk": 17,
        "fields": {
            "vegetable": 2,
            "question": 7,
            "content": "아니요"
        }
    },
    {
        "model": "main.choice",
        "pk": 18,
        "fields": {
            "vegetable": 8,
            "question": 8,
            "content": "너무 좋아해요!"
        }
    },
    {
        "model": "main.choice",
        "pk": 19,
        "fields": {
            "vegetable": 5,
            "question": 8,
            "content": "좋아해요!"
        }
    },
    {
        "model": "main.choice",
        "pk": 20,
        "fields": {
            "vegetable": 7,
            "question": 8,
            "content": "너무 싫어요."
        }
    },
    {
        "model": "main.choice",
        "pk": 21,
        "fields": {
            "vegetable": 6,
            "question": 9,
            "content": "심플한 게 좋아요."
        }
    },
    {
        "model": "main.choice",
        "pk": 22,
        "fields": {
            "vegetable": 1,
            "question": 9,
            "content": "화려한 게 좋아요."
        }
    },
    {
        "model": "main.vegetable",
        "pk": 1,
        "fields": {
            "name": "딸기"
        }
    },
    {
        "model": "main.vegetable",
        "pk": 2,
        "fields": {
            "name": "당근"
        }
    },
    {
        "model": "main.vegetable",
        "pk": 3,
        "fields": {
            "name": "감자"
        }
    },
    {
        "model": "main.vegetable",
        "pk": 4,
        "fields": {
            "name": "오이"
        }
    },
    {
        "model": "main.vegetable",
        "pk": 5,
        "fields": {
            "name": "무"
        }
    },
    {
        "model": "main.vegetable",
        "pk": 6,
        "fields": {
            "name": "파"
        }
    },
    {
        "model": "main.vegetable",
        "pk": 7,
        "fields": {
            "name": "고구마"
        }
    },
    {
        "model": "main.vegetable",
        "pk": 8,
        "fields": {
            "name": "가지"
        }
    },
    {
        "model": "main.vegetable",
        "pk": 1,
        "fields": {
            "name": "딸기",
            "data": {
                "title": "가 직장을 잃으면?",
                "features": [
                    "타고난 분위기 메이커를 담당하고 있는 당신에게 딸기를 추천합니다!",
                    "딸기는 스트레스 완화와, 피로회복 등 기분을 좋게 만들어주는 작물입니다. ",
                    "인간관계에서 상처 받아도 상대방을 배려하기 위해 이야기 하지 못하는 당신!",
                    "스트레스 완화에 도움을 주는 딸기를 추천합니다!"
                ]
            }
        }
    },
    {
        "model": "main.vegetable",
        "pk": 2,
        "fields": {
            "name": "당근",
            "data": {
                "title": "이지!",
                "features": [
                    "모험을 즐기고 주변에 일어나는 일에 관심이 많은 당신에게 당근을 추천합니다!",
                    "당근은 성장초기에는 더디게 자라지만 그 시기만 지나면 쑥쑥 자라는 작물입니다.",
                    "혹시 당근에 꽃이 핀다는 사실을 알고계셨나요??",
                    "선입견이 없는 당신에게 반전매력을 가진 당근을 추천합니다!"
                ]
            }
        }
    },
    {
        "model": "main.vegetable",
        "pk": 3,
        "fields": {
            "name": "감자",
            "data": {
                "title": "합니다!",
                "features": [
                    "호기심이 많고 겸손한 당신에게 감자를 추천합니다!",
                    "감자는 비타민 C가 매우 풍부하며 ‘땅속의 사과’라고도 불리는 작물입니다.",
                    "만사에 귀찮아하고 누울 수 있는 곳만 있다면 바로 누워버리는 당신!",
                    "대표적인 다이어트 식품인 감자를 추천합니다!"
                ]
            }
        }
    },
    {
        "model": "main.vegetable",
        "pk": 4,
        "fields": {
            "name": "오이",
            "data": {
                "title": "없네~?",
                "features": [
                    "신중하고 완벽주의 성향을 가진 당신에게 오이를 추천합니다!",
                    "오이는 피부미백에 도움을 주며 보습효과도 매우 뛰어난 작물입니다!",
                    "효능이 뛰어난 만큼 키우는 과정에서 당신의 섬세한 손길이 필요합니다!",
                    "예리한 통찰력을 가진 당신에게 키우기 적합한 채소라고 생각합니다!"
                ]
            }
        }
    },
    {
        "model": "main.vegetable",
        "pk": 5,
        "fields": {
            "name": "무",
            "data": {
                "title": "야호~",
                "features": [
                    "독립적인 성향이 강하며 의지가 강한 성격을 가진 당신에게 무를 추천합니다!",
                    "무는 재배시기만 잘 선정하면 누구나 어느정도의 성과를 올릴 수 있는 작물입니다. ",
                    "씨앗을 심으면 금방 새싹이 올라와 키우는 재미가 있습니다.",
                    "목표를 달성하였을 때 행복함을 느끼는 당신에게 어울리는 작물이라 생각합니다."
                ]
            }
        }
    },
    {
        "model": "main.vegetable",
        "pk": 6,
        "fields": {
            "name": "파",
            "data": {
                "title": "이팅~!",
                "features": [
                    "효율성을 중요시하고 틀에 박힌 계획을 고수하지 않는 당신에게 파를 추천합니다!",
                    "파는 성장속도가 눈에 띄게 빠른 효율성이 높은 작물입니다.",
                    "호불호가 강하고 새로운 도전을 좋아하는 당신!",
                    "어디서나 기르기 쉬운 파를 융통성 있는 당신이 성공적으로 키울 수 있을 거라고 생각합니다!"
                ]
            }
        }
    },
    {
        "model": "main.vegetable",
        "pk": 7,
        "fields": {
            "name": "고구마",
            "data": {
                "title": "습니다~",
                "features": [
                    "남들에게 주목받는 것을 좋아하고 깜짝파티를 좋아하는 당신에게 고구마를 추천합니다!",
                    "고구마는 줄기와 열매 모두 먹을 수 있는 활용성이 높은 작물입니다. ",
                    "고구마는 여러가지 요리에 활용할 수 있습니다. ",
                    "혼자 있을 때 지루함을 느끼고 할 일을 찾아다니는 활발한 당신에게 고구마를 추천합니다!"
                ]
            }
        }
    },
    {
        "model": "main.vegetable",
        "pk": 8,
        "fields": {
            "name": "가지",
            "data": {
                "title": "던지~ 말던지~",
                "features": [
                    "사람들을 좋아하고 이끄는 것에 타고난 기질이 있는 당신에게 가지를 추천합니다!  ",
                    "가지는 싹이 트는데 비교적 많은 시간이 소요되는 작물입니다. ",
                    "계획 세우는 것을 좋아하고 계획대로 행하는 것에 능숙한 당신!",
                    "호불호가 갈리는 가지까지도 당신의 철처함으로 키워나갈 수 있을 거라고 생각합니다!"
                ]
            }
        }
    }
]